x1,x2,x3,y
-1.0,-1.0,0.447222051239625,10.95346565223068
-1.0,1.0,-0.6071172299197625,13.000857470253377
0.7245643391569676,-1.0,0.9595864542809245,-5.450291429978435
-1.0,1.0,0.3748544603958923,2.693933400982215
1.0,0.13972731459672838,-1.0,8.930876155305993
-0.20417761955480773,0.4845011967463557,1.0,3.326179626481383
0.28265051814947806,-0.22198253270151636,0.11901663202006141,1.330795867479246
-0.5455632095261471,-0.7203312329484295,1.0,1.525723590996987
-1.0,1.0,0.10720522224042983,6.59596614810117
-1.0,-0.06936640532791882,-0.0386796050185676,-3.8929576572628375
-0.7739222554196621,-0.2747619826459351,-0.8914799064103238,2.9223540489788524
-0.42940240441995026,0.5308947910308337,0.8160445717217768,0.8193918726989069
-0.17452966765110767,0.11497623826990622,-1.0,-3.574813766915086
-1.0,0.37565988379917625,-0.6944564239762383,3.470940700688677
0.9351795960683584,-0.14013586652868248,-1.0,3.268453085894058
0.10796359284327206,0.2855883006735085,-0.06444388798419487,0.7033948249305052
1.0,-0.49480026699819346,0.35285867684038563,4.487450995929431
0.7380207105656207,-1.0,-0.6576125554226282,-9.006947050072794
0.429519603191185,0.5405831263577707,1.0,4.050288361540332
0.34557849731717805,-0.9152926974210116,1.0,-5.736431539448307
-0.09859368552066283,0.01801601982470613,0.13111702890265908,0.21023467277800287
1.0,1.0,0.3859806134739585,13.175994256091784
1.0,-1.0,0.009686849524292107,-8.69469422172603
0.23480595958274542,0.8726574259253657,0.6417973636549263,4.32025201100794
0.22678191030809125,0.3798069190599569,0.330281089235023,1.7304825619365025
-0.2794071782017249,-0.5629659235269882,1.0,-0.7226356765009382
1.0,-0.2566516142754114,-0.4444785964629647,3.765068832042731
0.07900342047850883,-0.5064221352311797,0.04713472064069579,1.12127978642931
0.7327234706857668,-1.0,0.4875195482987855,-1.9927133506050374
0.6732478692486599,0.5569156661701129,-0.8447067584269574,1.3408570420125754
-0.28179516982191655,-0.0883419909623604,-0.8783171590888559,-0.5092837183123012
0.6813223156925026,-1.0,-0.40479262460927457,-4.154657671506037
-1.0,0.8298281291914482,0.8337731529793888,1.2774486225168764
0.6091976968793389,-1.0,-0.8493481381088612,-13.716485494711497
1.0,0.7308268385506047,1.0,25.69966263250019
0.7573105077696303,0.27388866566069026,-0.5710805794306479,1.4795804397266128
-0.024035901981301455,0.08091270781711457,0.16232342622396723,0.3433606417118244
0.19171663534748662,-0.847051404892994,-0.726749950511882,-0.9664301952744507
1.0,0.13131121349875663,-0.6591717755315742,6.056199444178975
-0.5544590541808108,-0.4066631420042319,-1.0,-1.6203699534697462
-0.5014356090432319,-0.31245585757841354,0.043069678103544895,0.7933327784904052
0.9682928414462189,-0.5888005234221079,0.17165823496378851,2.306976481216868
0.20588899113861125,-0.9903534015776081,-0.03774578591954514,2.113904388090197
0.8349955084627285,1.0,0.9171696412859873,14.542245559965343
-1.0,0.28460945765812107,1.0,3.1510231562000808
-1.0,-0.32712776529708676,0.04113586111300305,-2.6755179532758464
0.5959285522945705,0.462627143042289,1.0,4.494556680645423
-0.9415183746068385,-0.08047235818428988,0.7212932873000395,-1.2101701295276834
0.19308643683564353,-0.16915480925999193,-0.24466579621077145,1.146910081835715
-0.5224708015197426,0.5864750001381873,-0.027592401074037598,-2.5364968790903473
-1.0,-1.0,0.1142753372360319,8.76880472213684
-0.07947311335629514,-0.009640201340589183,-1.0,-2.987215834017687
-1.0,0.27052974238614413,0.07505198410894431,-5.286433834087756
1.0,-1.0,-0.7025878408093658,-14.43004262124656
0.785730288708079,-0.10077297415586894,-0.14415194814302534,1.4871075556721318
-0.7041245963933582,-1.0,0.5428281304678866,4.59048810329783
-0.2848851047978669,0.2629562856255334,0.4539498512724458,-0.8609865121786304
0.0165717666045877,0.01416095889869462,0.5450903434734535,0.46219210119087595
0.8604446637251422,0.5530053530450474,0.06388719780704033,3.7972357240992722
0.24887016414857221,0.38608661496726326,-0.7540161367329481,-0.10023430092634306
-1.0,0.9314851428900444,0.29690346493954145,1.7743533121580666
1.0,-0.2660590496911639,0.3292546310125579,4.742747230616248
0.9872331681793554,-0.33166536099795385,-0.6741576718193913,5.578978728666193
0.4279245684531148,1.0,0.42796978985491463,6.66786991135439
0.019009690821220726,-0.4338944336725572,0.998928229955167,-1.5283972997441817
-1.0,0.6473777471438866,0.43093368354184136,-3.515267308800055
-0.12252682111093005,0.0257661151520856,-0.859263445061218,-0.7440653655935707
-0.40499418533979137,-0.8482708633116305,-1.0,-8.216796875678426
0.8626018109896774,-0.08420386882942954,-0.33786791412175754,2.02914353266977
0.2584230156660934,-0.6974521631924466,-0.9862344612692542,-8.297043814686473
1.0,-0.8928426078143497,1.0,-4.375462119760564
0.07205442091048964,-0.2765526850867681,-0.5386913510567097,0.5651652514733696
-0.7279919334689169,0.0680394117839791,-0.6286588353869094,0.26564963413762405
-0.6875966844985273,-0.6063046755203192,-0.9115772837768543,1.319353649669465
1.0,-0.18675054685317471,-0.33707969677609206,4.540926631764454
-0.43920667781713685,0.3950025139149649,-0.49795939718087867,-1.2163524884838324
-0.7580357576198165,1.0,-0.7896899763559135,2.7584347421106488
0.3586485768410106,0.011241699786758375,-0.1750685615010923,1.4210497080792037
0.15944778383089542,0.9479832753053548,0.9055954818075416,8.979360466308139
-0.36087817996533134,0.6175923306842546,-0.19755285213113583,-1.7253956550633025
0.08813868147748449,-0.4857806513587235,0.07094839658482321,1.301646015221762
-1.0,-0.05355438446965688,0.767269176707627,-1.1002490542477568
0.03632225527337729,0.3509803183235607,-0.35161237429199765,0.18538676802493465
1.0,-0.8675245184316616,-0.5960288930707702,-1.8215090480883516
0.9328826169437727,-0.30536460976229796,-0.6318283766399606,3.3568025949568856
1.0,-0.33598984851288516,0.6573886233153843,6.263492962362793
0.39198968158198144,0.2699919640768702,-0.6130933714476927,1.3438341263858462
-0.04609446426865982,-1.0,-1.0,-17.62665266557208
0.373973737477723,-0.18522636621034838,0.06793551276897891,2.6292903490588566
1.0,-0.8986853835154995,-0.9607464274112767,-10.77528405006515
0.8239436804793219,0.3242558397746249,-0.49463082606016173,2.12344957997505
1.0,0.3303862954523995,0.35257287756044065,6.941648041583785
0.8947466308083225,-1.0,-0.7202353546293923,-13.696538739979568
-1.0,-0.05269238128705522,0.36341274402059676,-4.044809742440437
0.33290266615181285,0.9535529220637005,0.023644355243745308,5.433063846520116
-0.6672002698032335,-1.0,0.7259468288441497,3.8268934688750402
0.11094006209097707,-0.030676101567731262,-0.8149491579682924,-0.15190586281924257
-0.510827022658739,-1.0,0.19812588149813992,4.245986000590931
0.39971727948557945,-0.524978116339821,-1.0,-6.5281832488598095
1.0,0.2982617568810799,-0.6134668184932737,6.577126051263308
-0.1056180657834822,0.41105349881899067,1.0,3.111760892463023
-0.33886835386802594,-0.5153096877059669,-0.3323600898437977,0.40780684984655413
0.19089565576100975,-0.18115267392028866,-0.42513675003186147,1.0496785172518375
-0.5919475112107802,-0.3754864675293079,0.18351980997944106,0.3452767271510579
0.26919836250082985,0.06603746002476951,0.873641251868819,0.2655133100442321
0.33241285980252333,0.7588418392001366,0.5977939416495917,3.0573027636279178
0.4770915725429423,0.5912853719267992,1.0,4.560302282777418
-1.0,0.0794978031660325,1.0,2.8845722982911277
-0.3848749007394383,-1.0,-0.28695150972212913,3.3047857277088917
1.0,0.07874860888070101,-0.6603620804009767,5.879271532353795
-0.30495471644919614,0.13501651534718917,-1.0,-2.259529794155963
-0.876485618475104,0.12780705632342904,-0.5341803713850113,-0.5418516467548051
-0.8811479455660958,0.40006786841962105,0.6771535041132086,-2.778800166510126
0.6106117587855475,-0.5533277184841532,0.053358547235593745,0.6761460716920005
-0.39717217759586054,0.9563393095016568,-0.6367980005843286,4.616079238373544
0.1170682694125551,-1.0,0.11479241127415096,2.1638821776440538
-1.0,-1.0,-1.0,2.6219753504575927
-0.6371223388977865,-0.2415645905380326,-1.0,-0.047147295832301594
0.41905784354051057,-0.32152909446309796,-1.0,-3.7096364602671463
-0.5829150919776582,0.3544716224602158,-0.9865862147115445,-1.6239460009000353
1.0,-1.0,-0.13836397981477178,-9.444742210313343
-0.1954721390284646,-0.9908449938884016,0.5020024138767478,1.5267180345223572
0.1348760544160008,-0.035829453326564176,1.0,-1.0409817116445548
-0.6335528220783833,0.010396544462121682,-0.5931147767218208,-0.2588859615337707
-1.0,0.10804932495045771,-0.5788729979936458,-1.5022766737294793
0.16234894127081612,-0.5704475397507136,0.6654307240542066,0.7529983498381141
0.34059825182970327,0.25478643940053614,0.32743734857157913,1.3895900755689057
-0.6819715707777994,0.49277828419185843,0.7861708294626717,-0.49750511116635726
-1.0,0.40858670413956366,0.3445341079304107,-5.286280008742249
0.09822457314041899,0.562633644102734,0.7436292185913329,0.8260145484860084
0.5697145538324249,0.9019165790262891,-0.29432778564067874,4.953731939373926
-0.010941602076524282,1.0,1.0,12.570226702311475
-1.0,0.3342552364505924,-0.06182054085897892,-3.594472709102853
-0.5780649034577139,0.01202934191705829,0.8718050440015266,0.35842349991343503
0.681506975671637,1.0,0.5405371816384539,7.353042608245706
-0.28452824027070434,0.5414658970965418,0.369913971222956,-0.08608944366113536
-0.31081486666772684,-1.0,-0.3553001652284673,1.7287364890355907
0.06411152411004695,-1.0,0.18230430707330636,1.5958148402510985
-0.19127882280547603,0.8592779105559858,-0.027549998217897276,2.8125583178974827
0.043001753657578856,-0.8191441049594104,0.11070810531875042,1.4979355361083702
0.6742119724432327,0.6680741032083917,0.3088659871212007,2.533966355995935
-0.15880368293975367,0.539373652635917,0.37398589401404725,-0.21874267714663204
-0.7246203554928023,0.0372678313034811,0.32817852010619175,-2.031003529461537
-1.0,-1.0,0.29906321206348885,9.929875110644954
-1.0,-0.5950552948036294,1.0,10.529156053831725
-0.5329625598084682,1.0,1.0,15.653305628274179
0.11837046208114499,-0.09797985240487916,1.0,-0.18640632959170167
-0.20194626692698914,-0.9645452936274161,0.5887026403509545,1.265175523365128
-0.09004261030484795,-0.63596573680448,0.8222021907097561,-0.2495972323609831
0.14646098143232567,-0.4242886408497446,-0.24309925409673938,0.6584187738723526
0.3225918568390367,-1.0,-0.3575701439554593,-0.07829393837291988
0.15848770055646844,0.061739574538024034,-0.6819227415093463,0.4706810700921935
0.30899884143352074,1.0,0.2798005997083646,7.250243947555362
-0.8538771594144126,-1.0,0.1736756792696199,7.91269111245344
0.7628672499957541,1.0,-1.0,14.95506255680103
-0.5704296866397136,-0.041390072257331045,-0.44527960776856257,0.5905470821748641
0.195399446073506,0.3671794380973694,-1.0,-2.584846597749117
-0.6496607031693586,1.0,0.35793549380542444,3.8314189157266716
0.298749759673024,-1.0,1.0,-7.3252165113275955
0.5932961298078006,-0.6966592979234767,0.33228438712062314,0.8945871974177323
-0.23767364992134787,-0.05185009905807214,-0.9930650229720719,-2.585100521501446
1.0,-0.9755075928722168,-1.0,-25.718759686710044
-1.0,0.1093547094597127,0.1448565144392271,-5.3385881097757775
-0.26269307288399135,-0.933747928492997,-0.6370395409908494,-0.24587660558620317
1.0,-1.0,0.8195249936223272,-6.425098636422347
0.6008869357972213,1.0,-1.0,8.533565934151744
-1.0,-1.0,-1.0,3.045580032315438
0.04671464171014317,-0.34106403703021715,0.01696686318629359,0.5883190958697555
-1.0,0.14328005203148608,0.8891296172063252,-1.1162748660470343
0.4430220518178547,-0.7198247936230404,-1.0,-9.968088456917869
1.0,0.5720070980806851,-1.0,13.507743261271116
1.0,-0.2631552748131587,-0.8819832551717144,7.143311394875636
-0.4670146382557758,0.8458011101140925,0.06475683952299804,0.8723547667672892
-0.19656364867524134,1.0,0.24251996010648935,6.658318978818229
-0.06867540041623088,1.0,1.0,13.796526870117036
-1.0,0.43965896206419175,0.7889924039342373,-2.684184158605254
-0.9844612631739862,0.37321251598036453,0.30756793549277406,-5.067230571833323
-0.0987872542919015,-1.0,0.6411938300243785,-0.20623736769043807
0.038138121991081464,-0.2532496831160904,1.0,-0.6940975997028408
0.4055334907983452,1.0,-1.0,6.531744102829686
1.0,0.4146848907199796,0.8245028447431328,14.22849828469327
1.0,0.21660069046508257,0.32192658981375777,6.417180003124608
1.0,0.2196547769072641,-0.05758503338747922,5.593323023790168
0.8455839509405276,1.0,-1.0,19.99823781146853
0.7542877151814567,1.0,0.13714453684153138,8.398607162792317
-1.0,-0.6391484239611107,-0.9297871324935107,3.236206540211271
0.9571002031661238,1.0,-0.15941519576773833,14.597440964789856
0.21312702997031785,-0.4463008010953191,0.20285029547224775,0.9379807907788741
-0.8263268250839808,-0.8395465226415921,0.11840672195618929,3.5341748442473646
0.3477499255635703,0.41794963813844843,-0.35026876258716744,0.35857764867800923
1.0,-1.0,-0.013180702394718358,-8.402824472963088
-0.22206893618046375,-1.0,1.0,-6.67132063471791
0.6088407215237535,-0.8169449297890328,0.1698619034841109,0.9868424730872876
-0.8918586914593851,-1.0,-0.7283974926495738,3.268062491075292
-1.0,0.32455371965281654,0.21814322538701814,-4.87700739287624
0.1939216914303159,0.7255439900251699,-1.0,-3.3778296467349733
-0.196703653016421,-0.21688020752269987,-0.22120235811415578,0.8455390463510485
1.0,0.079040989991227,-0.3685084603859037,5.127582181393385
-0.3929697692493699,0.49434342689132116,-0.3418485853079194,-1.19682538953954
-0.2834945115694154,-0.9331166893587257,0.08836976941586094,2.5765577160871924
-0.03147430532334794,-0.2626377465655343,1.0,-0.29225119339834094
0.12468951498892578,0.7301871443924126,0.8736179342632007,3.9959514857093126
-0.8416917843993807,-1.0,0.9822406062185085,7.614819033296921
-0.6310406117278695,0.8997877171411215,1.0,11.94540414016238
-1.0,0.7521780849545934,-1.0,19.65874162071526
-0.25669428701332464,-1.0,0.46608560412607414,1.0080216896701772
0.034217973476068586,0.5632461810964415,-0.20475082368978215,0.6122369787349315
0.4874148722703604,-0.6603191775634019,-1.0,-8.818819475578332
0.8439470806487801,0.2079632906463087,-1.0,2.3940674978709033
1.0,1.0,-0.7645782901333957,28.591869426133897
0.606121022388179,0.7166777849796664,-0.5216735455567534,1.1612217063965755
-1.0,1.0,-0.3956778831276877,11.240288319599422
1.0,1.0,0.27412801931905384,13.164239963194257
-0.7332593597100439,-1.0,0.8599775079168674,4.854777762525069
1.0,0.4541561883704226,-0.5836549465839278,4.9256596769820655
0.5271938527900311,0.5493722683748399,-0.24697645151111347,0.7751363042385446
-0.036654376179967585,-1.0,-0.3086536864396978,2.1602695686463567
-0.9672687799166111,-0.9316460056698714,1.0,17.107179159609174
0.003760883695119288,0.3627592431689062,-0.4703163668942847,-0.3420680903879881
-0.22807710706803364,-0.19829251501473322,-1.0,-3.0425564620184455
0.45660724345062076,-0.11605917756039963,0.6228861379219339,0.39128117739979007
-1.0,-0.36556976047798617,1.0,6.580068702100139
-0.5998840788730568,-0.35540890665938396,0.799605104727912,0.44383715233109594
0.7340896636755054,-0.2731763948050425,-0.012945881432636197,1.5180305007121682
-0.36580672859293895,-0.14134075628012366,1.0,0.24597127875277847
0.5881405021552786,1.0,-0.7262082842027906,12.805561671685238
-0.8364618619742421,0.9193857948409099,0.0809973307036087,0.8240221983173748
-1.0,1.0,0.8749591341137617,6.633230548705553
-0.13639366006518316,-0.639724789706356,0.8036966874920051,0.10899582092730214
0.12249562584370288,-0.6544741906687279,0.6382155282747513,0.3079173984272852
0.4382781265627078,0.10315479799611738,0.12067404584871277,2.118575462484671
1.0,-0.36858928666409385,-0.6562095446481422,6.099163655638627
0.2757209337451736,-0.3010508774403433,-0.376643996330039,0.8032855657619
0.17054944955125495,-0.6786240191551594,0.23078560720750918,0.8090476475549928
0.40787689925870496,0.40661606964148334,-0.6588775223116843,1.495232370535865
0.34781457382579517,-0.9826918404039477,0.36354921746614943,0.42906194905935346
0.20514466110639273,-0.8523874151672572,-0.8723690420718189,-6.357532449264725
-0.4541122150659669,-0.5913208788470399,-1.0,-3.111630208650382
0.6243104655349259,-0.3817912310560576,-0.19795939706527732,0.8985315397612894
-1.0,1.0,1.0,17.934547227699422
0.42338417434308373,-1.0,-0.3961754132514079,-0.6699716902663213
-1.0,-0.24505393227132521,0.7736483517389023,-0.34369248505503436
-0.6580188897823176,0.5298720332019196,0.9783401879701963,2.8190866959675516
1.0,-0.6086027496824662,0.3189337540182453,3.3131709890019865
-0.6061787956535927,0.3527991575945266,1.0,2.910745485878654
-1.0,-0.9402084470189842,-1.0,4.410382512430271
0.5077468607111695,0.08272041193910251,0.5521442103625176,1.5591831307068054
-0.202990305984321,0.6153924118725747,-0.27916405479060913,-0.3357639760533689
-0.14839843691872323,0.27101628115872,-0.3882813738784414,-0.6194014631934317
-0.820273827955569,-0.16815272468710063,-1.0,4.191438831549386
1.0,-1.0,-0.8879781239998004,-20.538161029150903
-0.5194739415439704,-0.9648798690472273,0.10523441809667466,5.051548540385687
1.0,0.28485120565038935,0.16508738858301353,6.413712895994667
0.892025378596172,0.7797055476989405,1.0,18.648757323475508
0.014541891227959125,0.3839986762244354,0.9680637850641687,2.301376471738651
-1.0,0.02075978321116234,-1.0,10.60328570234176
0.9575882080453528,-0.7672543662340809,-0.43255878884311505,1.454197331988499
-0.4586150235736206,-0.7755374404126465,0.678777803697288,1.338915225453392
-0.4002554416518309,-0.3221769832054098,0.2222537388855883,0.6430234699848336
0.2977404729629012,0.25692906263195026,-0.02514741903953288,1.3618566401547145
0.011265836671414453,-1.0,0.1340297043210914,2.1232012815441803
0.4340740632503428,-1.0,1.0,-6.915229851667797
-0.8746672468975938,-0.04461315624173534,0.32086345684342654,-2.6260124510574574
-0.32977983886844875,0.4410687203776458,-0.06530790573726564,-1.3055046926439005
-0.8357438675663769,-0.5632404690743067,0.4584628725478588,1.7712468222791165
-0.5187198414262821,-0.7313948348872423,0.45497377873050127,1.713296468276721
-0.2965360380001487,-0.3020190970837944,0.23026007747202137,0.4326593170106565
-0.24799909885917315,0.8131975904573672,-0.6150626250006646,-0.030312823853456017
-0.5052448415118176,-1.0,-0.18219388622853172,3.659471222262578
-0.7577687332563336,-0.3722930681097343,0.8549398010412854,2.373614916568191
0.6593543187836226,0.1311454817605484,0.5797694389174302,3.059360411668693
-0.8359138220431339,1.0,0.5551504651033929,2.4210202461993604
-0.6695200591959045,-0.4696605019269464,0.9170163537032621,2.9822542095112903
1.0,-0.7608352974511936,-0.47208128354991263,2.466969522953074
-0.42171978771044816,-0.20636062643140707,0.9675929248595934,0.8397679350009429
0.12957610777748396,0.7755530903635379,1.0,6.684239203145922
0.6202798398240847,-0.4777759073623262,-0.44082736663685296,0.889028169134173
1.0,1.0,-0.9490515384873264,37.409115372488664
0.5412465169401708,1.0,0.24101473237885407,7.490709270666566
-0.484307004657917,0.17625063715354994,-0.6074115266081395,-0.5967326028269675
-0.580321818588541,-0.46564212243581404,0.08730487730995362,0.5046912506801129
-0.14134768940968678,0.14788758647111644,0.22876056511509812,0.39846042878185184
0.8951404757063608,0.7034667211938426,-1.0,7.211587195706493
0.6365569113004663,0.684883578477562,0.8646757019213092,5.2485053139437605
-0.9104719387534252,1.0,-0.08975501661548635,6.355132637311022
-1.0,-1.0,0.008539881011758954,7.606615310179195
0.6718148347295376,-0.07648006473300484,0.6443466470706964,2.566103948057026
0.40940717241960356,0.3094858651175272,-0.7880913514085717,0.9838642853621815
-0.39005570099084363,-0.7540744713155048,1.0,-0.0898147050346958
0.05741880007068789,-1.0,-0.409505160941108,1.3271233760390122
-0.4330049355644714,1.0,0.40819942333850223,6.345307357477309
-0.8246199443598041,-0.9229204360189707,0.1946067560864051,7.000586813685334
-1.0,-0.4610992197490349,-1.0,6.508299755126775
1.0,-0.10379513077186764,0.13162340873855705,4.372546548328756
-0.8729409607806877,-0.8541475253909292,1.0,9.91271005631479
-0.5122962840945773,0.10452963177328911,-0.7164301375958264,0.4008533390555873
-0.33232389889139435,-1.0,-0.560389119918802,-0.15221852399769892
1.0,-0.30095223964206297,-0.1879332695289646,4.671727019347662
-1.0,1.0,0.4008948195947619,2.9192648325110766
0.4175299820279159,0.4255947747954687,-0.5215518793873752,0.5824220967481092
0.8824192455227313,-1.0,-0.7831956312381785,-14.691633748670018
-0.0016159605955836653,-0.5922480750314123,0.23463513947400805,0.30593690164406473
-1.0,-0.41461891539844453,-0.14112416319084997,-1.989712800353088
-0.2074719398715703,-1.0,-0.8341451557024189,-7.7651747897158305
-0.46130681862837686,-0.5004022757359239,1.0,1.6848092736703357
-0.8024793040988494,0.1240826116820537,-0.28966018086078793,-0.9091232635916973
0.7225854798102664,0.09787468082498063,1.0,2.850765770016033
-0.33011082759396904,0.8736231179287584,0.04726613084498377,2.4435314305146827
-0.7761232868654313,0.011893799641151004,-0.7586012924215915,1.1665351450338364
0.7945715398230555,-0.9524303988162084,0.2325303736338169,-1.1140503939204618
0.9403688009551887,-0.26283001295760355,-1.0,2.4998812800099772
0.6792280979161422,0.6927865894242824,-0.012164800315939583,1.1278506495845975
-0.5668996999884877,-0.4489574648293755,-0.6061749219422989,0.30503335033026335
-0.2149754416305576,1.0,-0.634579403140763,7.960940363795448
0.8668534323117503,-0.7362566525060004,-0.8113319881795467,-0.8401411281515663
0.16136850632136657,-0.9787862482729686,0.6745446443397074,-1.1214853525764283
0.10866097911816164,-0.24496666201253525,0.5670152191313198,-0.18651961440147535
1.0,0.2824915138218913,-0.38747053948270405,4.515240702156141
0.6862331215969457,0.08760669059127868,-0.6133519292510572,1.2598818753160226
-0.3005415038110488,-1.0,-1.0,-14.459444626559034
-1.0,-0.5347322581336751,-0.3285542573503146,-0.584874541026642
-0.38678409845735806,-1.0,0.35655770412145604,2.7852303542238834
-1.0,1.0,-0.7423474371108847,13.226329427457344
0.9044666925834881,0.8907427357097866,0.8090604112126873,13.06921849174176
-1.0,-0.7087249810718961,-0.7407416640427413,2.0831948193555934
0.006741965812113282,-0.9413378026615333,0.6940360807367278,0.0054153758976028255
-0.3363192091899474,-0.004952941884055484,-1.0,-1.7364003793534561
0.7436623104727202,0.012447219569997614,-0.08176338975861608,0.7352316674782757
0.9573533815645217,1.0,-0.047599113010318606,13.124004928541172
-1.0,0.0020421009624209674,0.15731508803127148,-3.590241954867601
-0.4521121725779731,-0.09449724058124165,1.0,0.9033677863436353
0.7122980899277449,-0.1130264464915125,-0.16361650403404515,1.887196495046616
1.0,0.24441679787664405,-0.2607102140291975,4.73895769122997
0.2644001493611279,-0.40030378584762905,0.7481175777405957,0.05295793267145195
-0.047473135299803015,-0.28472729085886295,-0.5257283162277129,1.6543286229422036
-1.0,1.0,0.149423217000346,5.975567819005889
0.4979048265178545,0.009985002823942768,1.0,-0.4946375148950082
-0.6404607756821155,1.0,-0.41422256636237687,4.759349692084206
-0.0007106658089521822,0.02743591803384171,-0.10905329226980087,0.1922640011477561
0.5770825279546001,-0.239686135898318,-0.7553943863111712,0.8049047709175376
-0.07885316468823445,-0.41140909795184455,-0.21125746229998632,1.2707218262592137
1.0,0.2081162214255774,-1.0,9.257132682136731
1.0,0.5171105339256434,1.0,23.16954238611176
0.33542458619069393,-0.026726991043874992,-0.8532310886950192,0.08507196751739046
-0.25654327966142043,0.6038317391165333,0.3521282970309929,0.15901372374258066
0.33905051087198657,-0.35695587540792917,0.04622813277190696,1.2348432653016992
-0.598516413463215,-0.42300262647693665,0.8502268295168107,1.766187496802331
0.4235900925710314,-0.36107452201289925,0.7203754900951149,0.6661821871283645
-0.881534798810041,1.0,-0.9090799094621882,6.305134155733839
-0.3144307751099398,-0.4325812755452685,-0.9580974470245236,-2.696790492348477
0.1536106390846017,-0.9084840921800483,0.6612232615493465,-0.7874177579463812
-0.2533315820530029,-1.0,-0.5048312076269188,0.9798013944861252
-0.06745596331751047,-0.1613301780821743,0.1741518247539009,0.6773381919099851
-0.7221802386193426,-1.0,0.41121921944532636,5.420181261130698
-0.027269517449139524,0.804726007293352,1.0,7.420165639668251
-1.0,-0.2570711945534596,0.1482256764323051,-2.866018108920021
0.961260102284514,-0.25645872300394235,-0.13508932434557663,3.303645053402737
-1.0,-0.4480042185786832,-0.7104088185065915,-0.19379837248542348
0.2629096354355316,-0.6444882289402305,-0.5261530995968189,0.4346974364580507
0.3803602705983753,-0.019179111945296867,0.14641287463428032,1.6520930802239993
-0.9247260393109564,-0.333426399610786,-0.9759665399969015,5.733529131476412
-0.06773168465222978,0.27608599069145057,1.0,2.2891243782951554
-0.7204354534431765,-0.9622470343168119,-1.0,-5.760530691280493
1.0,-0.09119603533302945,-0.18818403028954256,3.9889717053012212
-1.0,-0.456284044790098,-1.0,6.074459997446284
1.0,0.1193051391858222,-0.473003063491231,4.190788832170464
-0.5990370587535094,-0.15386929437319607,0.5110805708025172,-1.0779144064851875
1.0,-0.037342855875765135,0.31575807006424217,5.744823865957371
-0.71721648802002,-0.6963612088426832,-1.0,-0.9724190842121593
0.8602739460571365,0.3231108763890129,-0.8625362160889891,4.139837977035955
-0.4665231331749531,0.48144726284502104,-0.5061387255811587,-1.3599579266754844
0.33313294506062285,-0.36471425771674926,1.0,-2.7939860820373172
-1.0,0.7528942064307727,-0.9201993921739275,14.860952936277133
0.14338163571752172,-1.0,-0.7511045421647109,-5.644551556100957
0.8912284941330244,0.7478270746213767,0.9212145487286569,14.992753196471668
0.08016751771039887,-0.46575791421429913,-0.36296935503733163,1.203087971211085
-1.0,-1.0,-0.6182916804052707,3.5348698719063547
1.0,0.8926471766051385,-0.5214662151109233,12.562617131396598
0.30713424989952576,0.37747197024245494,-0.5736790997160321,0.148714957169633
-0.6691375366854591,-0.6841376652806657,0.10523658325806817,1.3513987846837472
0.39526742798662506,0.44471784907906464,-0.007573332530295573,0.6678931072464992
-0.256341467734573,-0.06063078905201791,-1.0,-2.5587526148038
0.012356076407664007,0.6205436670274962,-0.05607211056481898,0.3615335323496096
1.0,0.23721023142533726,-0.4157146965728087,4.475234015363844
-0.01556958379729756,0.9711603239953472,-0.766699061757943,7.12390005496095
-1.0,-0.9437514348327558,-0.6583334649160233,4.4219522744235835
0.8750560595361736,0.05815858093643911,-0.029592029689627486,2.8429467177401566
0.4875270148493709,-0.4256636543535117,-0.1263550620094145,2.229933577283525
-0.750199933748227,0.62444057974879,-0.2710607758979626,-1.6528700971612564
0.8336851908948648,0.1163921763296647,1.0,6.178133904172449
0.027814709119874603,0.6364000814964201,-0.09219669420473608,1.082046369161975
-1.0,-0.30955084440959135,-0.25631022536303827,-2.3854667349126464
-0.4932333979165966,0.3291403833657698,0.3145508702130613,-1.4225451558790922
1.0,-0.13089673118509815,-0.9478867861544285,7.86758889342598
-0.14257239840381297,-0.317306759261782,0.1188753207791573,0.37001343253250046
1.0,-1.0,0.09355546330532483,-7.9414989280181425
0.2622009955775946,0.9120129882984627,-0.7960679676892972,5.4301024463167415
-0.3873714580630476,-0.19084855280607438,1.0,0.3888318073422827
-0.7119918818675666,-0.7256926267021626,-0.9793364111179945,-0.7599016667146838
1.0,-0.057160449071624875,-0.4952740387088044,5.446813189817356
0.5244482935336234,-0.9524603341865019,0.4981316905160036,0.21236604271438428
0.8386570468467238,-0.32936698570529765,-0.16941611089758157,1.5213749304681223
-0.9611208590632674,-0.043508691251323395,-1.0,8.958204007040687
-0.36311578480852114,-1.0,-0.3168761964108282,2.682615083380649
-0.5971322005180661,-0.20786092554316893,0.9197019964647006,1.0315029331060084
-0.8034586061912625,-1.0,-0.057200783460090276,6.0116746722575645
0.10274630091616266,-0.4335797444205465,-0.9136529525026569,-2.3178481369533115
1.0,-1.0,0.8774198509136426,-7.22776995756094
-0.07142410644235642,-0.6108465241049674,-1.0,-5.878504109031354
0.8431061127715731,0.44454162099433314,0.6003065581025675,5.051828866135623
1.0,0.12448153875770385,0.9351316897566779,13.318865522771356
-0.8004536871304393,0.12101696845547338,0.22828998194450345,-2.1489660492555323
0.5433048141329946,-0.9888963806388009,0.5403962246789715,-1.4892467755684755
-0.3709812617884818,-1.0,0.8501722694733878,-1.2911612181320322
-1.0,0.8337607105128049,0.2172429351480174,0.09888329347254451
0.908624505741169,0.7500168653628385,-0.8839361032168689,7.943398642906019
1.0,-0.3798959205508461,-0.25458902638518977,4.116999436216101
0.5487149481098117,0.9775015375501022,-1.0,5.805689606383914
0.05739281738613733,1.0,-1.0,3.9943223303607946
-0.6286440029151692,-0.6976836605336647,-0.8234622917281118,0.029197707405985998
0.20024240550395733,-0.6049006018869683,1.0,-3.0307383036159754
-0.8641572156269739,0.39102287892975807,0.23381453748751246,-3.5519144039825474
1.0,-0.7085596577407518,0.1738911209436067,2.44320649032877
-0.7349555525128924,-0.8698776685495633,0.23583990670228783,3.4424713154640076
-0.5589832171640003,-0.6319327004695827,1.0,1.6460378596006786
1.0,-1.0,-1.0,-29.64553836351994
0.2538105035801683,0.2105916928639151,-0.4295380009536973,1.2993131619385525
0.38024207277996847,0.9055487328560361,-0.18803447855446298,4.758502584573191
0.2629550367382789,0.03904862140599907,0.3501413364477064,0.7602843862972639
-0.5521465600590831,0.11240169985063586,0.372692838229576,-1.1411798894702718
0.0657929199004832,1.0,-0.3128637429125618,9.043018577424963
0.7286243909007075,-0.20484467357906344,-0.192964430872832,2.517036112088435
-0.30694923606817426,-0.15493599637014155,-0.5048426172360538,-0.6367635548156807
-0.40137451714688477,0.3834905804123776,-0.2877408809302089,-0.5545651122749935
-0.09744299294759529,0.4032806619170448,0.22826518914780802,0.4037963804992932
-1.0,-0.6543416966300559,0.44786592236776634,2.446826064636619
-1.0,-1.0,-0.4429846063521832,5.573572449027802
-0.4658475494432728,-0.13573861333205106,-1.0,-0.28634646458404
0.014119692497048364,-0.44854097306095064,-0.14578057306109016,0.4340771365826651
0.26730160158698224,0.19270097378753892,0.32602782630958793,1.6175644863044711
0.17330072192691004,-0.12678628544439485,1.0,-0.8323512993263055
0.03811902362520181,1.0,-0.7810552605044068,9.585328359413763
0.274982495493987,1.0,1.0,10.406019270658392
-0.44147531139402485,0.2035637384591118,-0.442355986815296,-0.1566427862139418
-0.4069008804054859,0.568356553512932,0.5481052391569736,0.09489850172468667
0.21461295654973545,-0.867948775948685,0.2471514776066197,1.0069919914035865
-0.055142717637298055,-1.0,-1.0,-16.273088480126727
1.0,-1.0,-0.2684875890016871,-9.890359557404452
-0.08457238013588708,-0.26836944547820973,0.23849186338968775,-0.023892277544556695
-0.3661844122891147,-0.7313423965227348,0.33396396330462874,1.5096921099594773
0.7202007231885472,0.07996270811001405,0.3838985995028781,3.2397096139202604
0.16781138664955186,-0.456330264083757,0.4143884978979646,1.1082136150446584
-0.10411916050650039,-1.0,0.5677707757617687,0.4053067598300114
-0.1995808650090034,0.01939188648529222,-0.7389971943445184,0.37205280642259264
1.0,0.4985444841433935,-0.4807972992681502,5.157699951050642
0.21401995298990895,0.5888655035021695,0.0364459175198677,0.7269290300113862
-0.3279861456913562,0.021926690274786997,0.06247377178053659,-0.20592465408092203
0.8277188020309345,0.2686399866744549,-0.8139323478393736,2.612807776840582
0.5146488766696171,-0.8757338013762088,-0.11454146673801824,1.0361805105355855
-0.29486933953600647,1.0,-0.2893904419886224,6.406098585939078
-0.9220124639551246,-0.2342322341498977,0.48423488791137426,-1.626229015379362
0.885784404306627,-0.8589650615130482,-0.41980271102482924,-0.9830173478504423
-0.2579279758074826,-0.5793630084607422,-0.9582898175737211,-4.0316254191175345
0.8856475800488917,0.6724886234149607,0.569188701693164,7.053597234979619
-0.04164969643844718,0.3723937271001698,1.0,2.622629570768444
-0.6512870666096273,0.221255038426875,0.4188159017562654,-1.8605586093613602
0.5652018273005612,-0.3301226393763741,-0.8650670087327001,-0.9052403441606094
-0.8144654287470112,-0.0945467811831624,1.0,2.602362554901864
-0.049282709602130215,0.1910862692743036,-0.6850604379967977,0.20388703777478032
0.02271416411036631,-1.0,0.34402648035163086,1.4382650952376237
0.7279489766923877,0.05380302090825628,-0.01709480663247609,2.315336443961576
0.8784172422544487,0.8160996784742203,-0.6036869396142555,6.119761189450579
-0.754717054551779,0.1812609543270649,-0.3549888840764699,-1.895984583142849
-1.0,0.7592794681266852,0.6192773989825935,-3.5277821171106947
1.0,-0.9335701960974669,1.0,-5.721756355974738
-1.0,0.11323611859353067,0.6035458898604229,-3.855509428216829
-1.0,0.3642979045608934,1.0,3.305291337605125
-1.0,0.46578398398017873,-0.3713794761894085,-0.9764612321991062
1.0,0.48677345419432205,1.0,21.121357493804176
-0.7900344478295778,0.5396346475426064,0.6247799735962467,-2.7031601207328175
-1.0,0.1182310704958307,1.0,3.09502113056536
-0.7794953099444004,-1.0,1.0,4.882951507116379
-0.25576048674944607,-0.02548796845714918,-0.5258032458894195,1.090628792486622
-1.0,-0.7039967889607799,-0.13470603483958854,1.2379434873223123
-0.44489430589739887,0.597778433949369,-0.4088084037683355,-0.6134880808882474
0.9626548034442333,1.0,-0.8272795890542559,27.218914332355713
-0.5979188489009142,0.9143178463443924,0.6358909002910011,2.8537051998351703
-0.6712803231664206,-0.6008871531884972,0.2715515489429934,0.753695566334315
0.7651091057684631,-0.595835981333503,-0.5200349496814409,0.5624033959740158
-0.7588895088853238,0.6315275981873256,0.17543961634606298,-2.5853429883594297
0.23888956920924587,-0.9441504463670782,1.0,-6.041235684105647
-0.7836982812872051,1.0,-0.9024250234426352,3.311844825537532
-1.0,-0.14968910785923017,-0.3153406987722429,-3.3110849853152327
1.0,0.8626756724686411,1.0,25.446115989076343
-1.0,0.8104400421178248,-1.0,20.41109400763804
-0.033026933837835726,0.042255481397772465,0.0005483378822030982,0.3790775324515687
-0.12265595800541695,-0.8228982107953664,0.7402690116963846,-0.007028591562215664
-0.15599703285245736,0.01073815317273552,-0.07026930744727755,0.23759549299910981
-0.8339992555469613,1.0,-1.0,6.012036833670427
0.19617073358827808,-1.0,-0.1820793602376536,2.5720487951211863
-0.500529152138161,0.6644170365809132,-0.2766118171495271,-0.8097803899894459
-0.026105927478800695,0.13176025970264726,0.4561750278335097,0.41356323748261803
-1.0,1.0,-0.1328959656241928,9.245336178377025
-1.0,0.23042716755617554,-1.0,14.025346675068933
0.28035334644198917,1.0,-0.4985924469452401,10.447620431593664
-1.0,-0.6681529197071738,-1.0,5.06049304472237
-1.0,-0.740374682934452,0.28103757405401764,4.331254771283094
0.7487244652725404,-0.6179815269425437,0.04895188521185334,0.5540847368035089
-1.0,-0.2839283049990151,-0.0005177447483220021,-3.1469895748137935
0.28376641121920887,-1.0,0.738867024208615,-0.9952347371029772
-0.13017210183760342,0.9175949925956994,-1.0,-0.8990801927461295
0.8620995139783161,-0.47321532806549826,0.928296592885151,1.3323535987339763
-1.0,0.5710538945210022,-1.0,18.283246788970242
0.35576943079098866,1.0,-0.07583905809115943,8.582027304662388
0.20871730084362028,-0.34250821262622577,1.0,-2.4769964874808763
-0.41493576412232924,0.14264835487166727,-0.34248685281753954,-0.9786707084361957
0.23865333751732787,0.8102626697070561,-1.0,-2.652134279485378
-0.2942815567091692,-0.5789749688050856,0.4223256021620474,1.144333283675001
-1.0,-0.7067681970468871,-0.9583395332328974,3.7187161814484107
0.18942934740017292,-1.0,0.15988242582768164,1.1606771210225317
0.47941872411448094,1.0,-1.0,6.795207984353458
-0.5127303745517788,0.6065038465962396,-1.0,-2.5532205537199886
-0.7213765281579241,1.0,0.49035503975104056,3.1842737882694885
-0.25604712259441453,-0.44938608900801635,-0.5736666276473827,0.22157224379802692
0.22199034118846117,0.7442699416326457,1.0,6.30749005829023
-0.061558530728721195,-0.020075063075877253,0.1553995089151774,-0.13259761491025107
0.5492102668849506,0.2746741545508742,-0.007120531533522767,0.8961659631914718
-0.9673629585798422,-0.15840545179198617,-1.0,8.681622349456648
1.0,-0.9710325389555932,-0.44933060159519234,-8.178975056685521
-0.13282299433353328,-1.0,-0.6585570923902215,-2.769123212849985
1.0,-0.8708215798952372,1.0,-2.931917990911551
-0.8991073841408979,-0.2639328012571369,0.6902854774125016,0.7187968194188206
0.3002524073965962,-1.0,-0.9703054994568745,-17.157421950399765
-0.03803597758826727,0.18262682318480294,-0.4380272447431224,-0.21836344013187547
-1.0,0.009132116538321355,0.4085299826893638,-3.156035498773499
-0.3603400734155653,0.7478601994365195,-0.6127306775916928,-0.6006070750689745
-0.24487641734038412,1.0,0.006572796506802758,7.418056835602069
-0.42162823038789976,0.20423837862213134,-0.8254042593198725,-0.8129498773326453
0.2737428926355485,-0.10082779743807357,-0.5058139629502683,1.0579013338757945
-0.8384407821426076,-0.07734396186995784,1.0,2.4449945987197577
0.5690095463823344,-0.21846288890245047,-1.0,-3.8451343183409397
0.5944790328851903,0.19188270611063185,0.32279905550398524,1.7381771494464429
0.2268015040337612,-0.3139583722884993,0.6335574516534495,-0.05592124358053224
0.3516058646354496,-0.028723115815754374,0.43826004486748515,0.8887651667547857
0.10911613065689019,0.778067447592413,-0.4106489365336716,2.3322035543558663
-0.04082948041813261,1.0,0.015209500774969076,7.672525119946981
-0.5108820860746124,-0.3805085377148354,-0.08159602111143371,-0.07972726166091015
1.0,-0.4239993806557427,1.0,6.210907480761373
0.06786898288320975,0.47538414516556005,0.7009878499392872,1.1655176243774954
0.5657121411833121,0.6465671377603714,1.0,6.58746317664706
0.13254705528732247,-0.11514687622368025,-0.1631014707087084,1.8832880906658827
0.010578797606022539,-1.0,-0.08205491635302908,2.8615988834931843
0.07434574260730553,1.0,0.9330669619813459,10.684045414978822
-0.02077103469600572,-1.0,-0.4830754359866547,0.433497542565923
-1.0,-0.17687720119790118,0.030740505702384846,-3.769380443881653
-0.09762084455809084,1.0,-0.692016414203096,9.485589146252769
0.6869600716158557,0.5304248165600558,0.13498122055130146,3.043968835464101
0.7360378533128107,0.5136447909578341,-0.05947267066147477,1.3569473198801698
0.48382091780007896,-0.8412527296301346,-0.6556936689186967,-0.17483745266974304
1.0,0.12549828530360085,1.0,14.503399531407476
-0.9607558659105646,0.22892756142426185,0.9339241323699248,0.5191274178757468
1.0,-1.0,-0.20393281030135801,-9.261171824215007
-1.0,1.0,-0.2859206888305772,10.548518065007865
1.0,0.365354766992801,0.7021624976632821,10.538476351101874
1.0,-0.33898468979458696,0.1387114110528591,4.875135534695589
1.0,-1.0,-0.11504904637246693,-8.417809151439538
0.923485828302034,1.0,-1.0,27.258596293894936
-0.42418149242352476,0.8370918368682363,0.30083527437505575,0.9169016649279154
0.8902013113573846,-1.0,0.23301215603617598,-5.274967407078511
-0.6767840116828914,0.4845423491676404,0.2463287678288526,-2.6607316752151
-0.9633044531541446,0.5719400372870729,-0.3743318538863325,-0.4499666033749981
-0.4202971413221903,-1.0,-0.20043014703222073,2.7938979942463815
0.9448921996731485,0.4038426253142211,0.6540908545268489,8.20991206396471
-0.5679182104331386,1.0,-0.9690261775187903,1.721362634998211
-0.4320113160443102,0.33192287601386017,-1.0,-0.6767494140829124
0.1602167725053354,-0.059887325571106764,-0.12631135929075143,0.8164003930184485
-1.0,0.6664256634465653,0.2038653975931084,-3.025756903568507
0.9489527914660842,1.0,0.6821060296434125,13.979244127342307
-1.0,0.798347346097434,-0.3788258640185489,3.6522431668700617
0.6299004716761898,0.07735369082253629,0.7241635254873848,1.8711115669014111
-0.4817774347102417,-0.325701025733939,-1.0,-1.5285129197592422
-0.07832957628785575,-0.005087311602989697,-1.0,-2.673231484398137
-0.5348598464091356,0.16246657239183282,-0.840114789182848,-0.16850475527970485
0.3861289654833562,-0.10863690797317482,-0.6991811013586278,0.7606807836532613
-1.0,-0.49721514935391675,-0.25692624683965826,-1.0527383478634353
-0.18417747342081303,-1.0,-0.7949349042927012,-6.972752400350795
0.3478655143107401,-0.6581309321428255,0.8717949171577573,-2.040344403001615
0.6467139346143433,0.9656223506680841,1.0,10.59396642736519
0.5441552255489,0.20745206245344394,-1.0,-3.4592413350495246
-0.6410567462223147,-0.2170085661829726,-0.46576755959193084,0.6724039510171277
0.2658526456982384,0.11410834402418724,1.0,0.19196706414036122
0.8004221074686917,-1.0,1.0,-7.960871854569042
0.8870353632959738,0.744719139164415,0.7464853462383925,10.385882174504113
0.5881224483702909,0.21781071390572815,-0.6213206471873023,1.3190635063170406
0.47445670152814623,-0.7055182945790304,-0.002578999776028379,1.9077166036168494
0.5141517167130993,-0.413586109841128,-0.11719100636221724,0.6362788512632117
-0.2871928986906689,-0.7567979026111584,0.295896894090548,1.1477565558742353
-0.22923298940850745,0.30289778643065723,-1.0,-3.5812612654313707
0.08703614755019862,-0.025027845911272495,1.0,-1.0549512569946375
1.0,0.7538106525692261,-1.0,17.92261828269236
-1.0,-0.1791144042511128,1.0,4.262022986464325
-0.7913704304502482,0.7157356948809133,-1.0,1.5200833422678248
0.4217459613289898,-1.0,0.7857664592346327,-2.1935967327997528
0.6489760749899376,1.0,0.6123777491478191,7.987954291196805
-0.09674088457109464,-0.22811121232259501,-0.3313076674174287,0.5563638606516665
0.04639817870232976,0.4921876472366471,1.0,3.006176788532822
0.23291918471919204,-0.6838199379275305,1.0,-3.8452559311222827
1.0,-0.04136524001625275,-0.3909037991920912,4.208022934558229
0.7648690684303041,1.0,-0.2565188734248145,9.873567871676567
-1.0,0.2821229989369014,-1.0,14.221430012601937
-0.5604404895228128,1.0,0.29363025399929943,5.511256125816864
-1.0,1.0,1.0,17.716058682532587
-0.37728079599502085,-0.8965757546651074,-0.3624877499659962,2.6266585211931255
0.9145930637957673,-0.5462783463208396,-0.22534130842710387,2.469953886758824
0.851481032019562,0.2850733924762774,0.8572535030582804,6.675071866485379
0.7485848830285708,-1.0,-0.5624139749141746,-6.842859851088709
1.0,-0.4578769399531937,0.05303004933376698,3.7071076232376803
-0.6090896255046077,-0.19599458370392298,0.4437356787933586,-0.6098262278247477
0.03837581965924075,0.11902410535394847,1.0,0.2667764298115506
-0.3042084288876461,-0.33747119141741977,1.0,0.23627946934081775
0.6516309359702928,0.20134381055445916,0.6179941428370799,1.8919676928854394
0.9007047391864551,-0.9426968283993191,-1.0,-20.712844400758783
-0.5530598696234996,-0.7460262464305378,0.8594566687433343,1.5996138645798967
0.22811342869565943,-0.4990900389258719,-0.2268888503268005,1.6675182493770297
-1.0,-1.0,1.0,21.74095647526534
0.04998408680423383,1.0,0.7716856922269646,9.394767463216704
0.8312972151703291,-0.23350526888013867,0.7971257069767594,3.8002832255838372
0.24227281680414436,-0.009888273263009228,0.4466605234583343,1.5265202750356717
-0.627980493070371,-0.8217532924337589,0.5796134293454567,2.3527277500085755
0.6204842663985932,-0.7248837376458124,0.2834519976005605,0.8018577989587556
0.6416618288905116,-1.0,0.8230808291099592,-3.1417150805642935
0.15847554272365416,-0.3358088973455178,1.0,-1.7156941782301731
-1.0,1.0,0.7603512039666935,2.849501864214332
-0.3299865909254771,-0.05952928020824766,-1.0,-2.0324404473066786
-0.07038355940325225,-1.0,1.0,-6.0499240032573045
0.2181787452743238,-1.0,1.0,-6.954941700930271
0.10733876780091656,0.44552547723493197,0.4324540925318763,0.16094852760885475
-0.6336822308732306,-0.336218158959499,0.036731569139973885,-0.4080978615260265
0.9707654141530029,-0.4303443364849442,-0.08325447190304236,2.9468442270416846
1.0,-0.45261771593852407,-1.0,2.564746514402529
0.14481722844177702,0.8819277428478292,-0.18319190999906665,3.8818709626462713
0.4209458058297382,1.0,0.6779852315651855,8.370786700854396
0.8374761290331969,-0.4518317271445891,0.15159449571831063,1.3455858373730054
-0.2892900664414024,-1.0,1.0,-6.249855512097687
0.67458478592693,-1.0,0.8612083756844138,-4.364032281897645
0.484052398014194,0.7172630795172477,-1.0,-2.3425201093720065
0.2350143083493943,0.6785720704913303,-0.35608588254240137,0.6109748748770865
-0.2871902639794848,-1.0,0.6332325927407074,0.3732249273507021
0.4318602175026591,0.07793754690399401,0.6579565185390162,1.1851036755015736
-0.5712624696685982,-0.13638846169604735,1.0,1.2299238811809337
0.47900063886154,1.0,0.04416176283208939,7.956180602216071
1.0,0.2893168360826215,-0.45262087435462384,4.361357752293644
1.0,0.4801101137960333,-0.5209553400871556,5.184045182431247
0.7255653043249242,0.12496422947815478,-0.9020914600859571,1.6405224509342244
-1.0,-0.08779419699231195,-0.6771647089376136,-0.6817562271790615
0.4247796155771826,1.0,0.7055182600086645,8.662182001597543
0.36179591218236196,-1.0,0.2487382550653363,1.1096886296263122
-0.632013860410281,-0.11312082894535025,0.08032440961880027,-0.7656517388281385
-0.14572956287542338,-0.1875649469047973,0.3068941742962996,-0.5656845133852602
-1.0,0.16940816660348967,0.12969435799212237,-4.8754669876138035
1.0,-1.0,0.1527993164813939,-8.417575016327165
-1.0,1.0,0.1996465776227141,5.611582670262415
1.0,-0.4038572637075042,-0.44954358302889563,5.237236362815694
0.9672400057249237,-0.8168041928675771,-0.08111353353910222,0.2209970269961736
-0.37879441092138744,-0.3036996619946901,0.615474096163183,0.08757233798085709
-0.6073375098387559,0.09021585473839244,-0.9524853234626829,0.24474660905830192
0.9524800003311795,-0.009607369863533721,0.9668218059853242,9.167573911003878
0.35131648478674715,0.8882061402312209,1.0,8.156556676407495
-0.3804480186677939,-1.0,-0.18600488750016408,3.2936852093273594
0.6471681138014864,-0.3748476839238757,0.2816220385553174,0.9207454670384687
-0.8581280316637043,-0.804218352947695,-0.6871498155332163,2.568383991147469
-1.0,-0.019296929705734822,-0.9389132383884695,7.861322774001465
0.471583093873283,-0.5870753751088564,0.5713756573661684,0.8637991383656415
-1.0,-0.3536244037156797,-0.6468291840731344,-0.21497685361960128
-1.0,0.227962015123792,-0.2941449408595216,-2.6458098065124505
-0.5303351269469629,0.28339731252078004,-0.9296971466449278,-0.44513590703447203
-0.6526151684512045,0.5435438666951238,0.6329614416800806,-2.135726773290723
-0.6316362888800184,-0.833902686536335,0.532901102332207,3.015705570862283
0.41461822800750814,-1.0,-0.8977973833764115,-13.447052458024137
0.5317382264750494,-0.9851837503309249,-0.4943110028898088,-2.6319221457589386
0.2111618207668553,0.2530526893463403,-1.0,-3.8159776024536978
1.0,0.3158707584545466,0.1431095056503371,6.239169914692351
-1.0,0.6309964930605365,0.4684390610493083,-3.3467600381589286
0.07401656781634958,-0.09044144736494708,0.8270408719114681,0.1880491093086887
0.442433716293976,1.0,-0.7374796734473414,11.070687996563706
-0.22426662012393273,1.0,0.5772260457440612,7.098149143516712
-0.07476942659469654,-0.9338019696653423,0.9282124571145653,-2.756180870817411
0.10687678025497438,-0.9589948599946798,-0.9275247111062823,-11.123163023936776
-1.0,-0.4753745253886843,-1.0,5.485687227914233
-0.8049190714444157,0.7120605391361003,0.10335948030910314,-2.7394181722285538
0.41410473210746424,-0.343011555467603,-1.0,-4.435856140422662
0.0844985397642124,-0.42084323884207175,0.20950558000767616,0.977954328687325
0.7592758891110645,1.0,0.19655826504949836,7.793331001646855
0.8948950922486398,0.39720667216060535,-0.042170230252525975,4.372973221514048
-0.7114233283070823,-0.54710245679537,1.0,3.7495532792491684
1.0,0.8165038617944023,1.0,27.166206429448327
-1.0,-0.2536147965002564,-0.8800233156153499,2.3225054767558726
-0.046565090295640044,-0.24274117115772964,-0.7464302177087923,0.6479333329877253
-0.9237528434372801,-0.700495186553229,1.0,10.181262154063635
1.0,-0.8368699317715393,-1.0,-9.827385211032713
-0.5563774036788915,0.440872512783135,0.5101098360562317,-1.8727356543804823
0.15473190168232298,-1.0,0.009469962527061115,2.2213163739088935
1.0,-0.9019136476058678,-1.0,-15.621683750674283
-0.18065352603529639,0.9205945303950147,0.23874390833723647,4.000373211925607
-1.0,0.03528798914075959,-1.0,10.759508237806882
0.050666827691217886,0.5970851461813895,-0.1682488275843419,1.164838678768389
0.968224015043539,-0.5723803632858193,-1.0,-1.7199625370503355
0.7712676956253024,-0.7388662614204367,-0.730842791925528,-0.7636836184400632
0.7165872110379383,0.46373433508967343,-0.7617371030987419,1.4201633969347258
-1.0,0.42671968656592285,-0.07184644151865038,-2.477677831972218
-0.029018233023445417,-0.7318165310665674,-0.12366735457100364,1.3506915973961433
0.47009416559420547,-0.7289507215119173,-0.017399368819541516,0.8887554731113305
-1.0,0.9965317444304118,0.5509354896042089,1.2399931464608531
1.0,1.0,-0.0859260090081857,14.419664641869693
-0.20096769160569994,-1.0,0.46593724662862446,1.537856715235024
-0.9119644405243099,-0.7291368983067097,1.0,9.578309453060657
1.0,0.09795566720490201,-1.0,8.631607236030163
-0.09189390569462019,0.7273612524090769,0.040028212209725966,0.5195307165039538
1.0,-0.011462942760333661,0.26310623591892,5.768118468906756
-0.3211338983980747,-0.07496693357102702,-1.0,-2.2356476999993684
-0.8822705568898843,0.22875145648809636,0.2933330628888897,-2.9505436779280902
-0.18169439548980626,-0.15211566885649197,0.5870200547245292,0.3424003156179954
0.5390498952893501,0.1817559569825311,1.0,1.996173683221141
-0.24500700295177857,-0.9172771731145091,0.6665644301500713,0.2910048310555482
-0.4870564943180764,0.4583153366463766,-0.972459549679465,-2.2245257112299743
0.3990223105384012,1.0,1.0,9.6926418055719
0.19912633296500037,0.8801426530118761,-0.21234550226551785,3.274417912677598
-0.6228874518071801,0.7176455204314278,-1.0,-2.5520349404722946
0.03229453917781111,-0.6654755815128872,-0.3592229637790545,1.8036524008141293
-0.756630127358638,0.16998797266341636,-1.0,3.3381301734622695
-1.0,1.0,-0.6391961003630344,12.846256486028475
0.6581570500701046,1.0,-1.0,10.726461316316835
-0.003213775438781541,-0.5283470086124498,-1.0,-5.941052421792544
-0.5959772198455013,0.7589417030368351,0.34890104494067775,0.07778523490129285
0.5999862046726567,0.40962048797372064,-0.43149406033053217,1.6231259166935632
0.26082829834616916,-0.24870705835047424,-1.0,-3.771705998712842
-1.0,-0.13430333876361322,-1.0,9.791935447906795
-0.17133865647348823,0.32145023754633684,0.7149812256254695,0.22945144437590914
-1.0,-0.8250866942242658,0.7873995504381361,10.78825130315155
0.3585201842355126,-0.15343724025397698,-0.5556207270178404,1.1272065814335723
0.010663486229653074,0.33208270092725467,-0.33572779739501324,0.3119947860267526
1.0,1.0,-0.9877477485825481,37.79587730061105
0.8831059708830109,0.25398007578142634,0.7164503349948419,6.7545226389204345
0.6599845206433137,0.37483890444301315,0.3897259452120274,1.603062417725563
0.31002463994464247,0.05599523142777563,0.6758511674686156,-0.5016957194485985
0.8744346910575136,0.8705406989455531,1.0,17.997258352550887
-1.0,-0.7667786644114292,-1.0,5.225349131741433
-0.2504281248481903,-0.17776372381492922,-0.5250494984316667,0.46817781522967117
0.12664198820064532,0.4785310318171503,0.922024415136899,2.8636173908863687
0.6757266621423352,-0.8435512514899381,-0.38391192635065297,-0.03665998151720695
0.37214700964883396,-0.9755859120221198,-0.7958884397865338,-8.136639134015061
-0.9084397956188865,0.7676867200446214,-0.051296254660095464,-2.122478228013734
0.09179313033416525,-0.27329163145844326,-0.031790184250163334,0.6282387861205202
1.0,1.0,0.15178343907646497,13.690267989155585
1.0,-0.27069061613280687,0.9797897164255105,7.847267654543673
-0.7873192669781539,-0.33280398540051226,0.1997669788240919,0.06724175188261367
-0.45629056696386194,-0.3304113465376364,0.06130624428760556,0.581055863822739
-0.32815873692426756,0.5010613407886451,0.5866254332598522,0.572654102785372
0.40004924902463124,-0.08921878419072482,-1.0,-4.170975436162541
-0.48949634103233075,-1.0,0.35605149706800265,2.986244318571263
-0.7183249481555585,-0.5647288076244206,-0.01833682182292784,1.1982735906973465
1.0,0.2115001829291272,1.0,16.957713573561673
-0.2165676039407709,1.0,-0.628885387032986,8.789815355676964
0.2885582653670664,-1.0,1.0,-6.764735520821953
-0.40412203883155207,0.3410679816023605,0.11020374182569914,-1.0108926063637285
1.0,-0.7940560547629278,0.9182708847488308,1.0122068273358273
-0.061875446142862334,0.8896019755397011,0.4300785054388254,4.347558967395745
-1.0,-1.0,-1.0,2.8887489283754473
1.0,0.8495998420439723,0.761758009535253,16.43339863141888
-0.7577742628929292,1.0,-0.21975307348911244,5.329424599312148
-1.0,1.0,-0.6358703486807737,12.719263309304639
0.6542735825564727,0.6678944408013194,0.9017792911540841,5.315447423152576
0.5817987733262737,1.0,0.057959378600013434,7.900308242088299
-0.1265841319751715,1.0,-1.0,3.7213220800542746
-0.19471893384073624,0.16633727642554264,1.0,1.6097284330684345
-1.0,-0.7565595987615681,-0.47050415471649476,1.1213216641505541
-0.6404796405034467,1.0,-0.015542400313929727,4.453666254987499
1.0,-1.0,-1.0,-29.661725350823847
-1.0,-0.8881909914522577,1.0,18.95640330807995
0.38727208481976105,-1.0,0.005294789831068902,0.6741022429001944
0.2632805749611742,-0.6678190996849165,-0.19395114102564825,2.337761228756249
0.4671548069430558,1.0,0.6350685618770633,7.827920008056002
0.6728965215818818,0.12636989879586835,-0.5312857657539547,1.2897905700757042
-1.0,0.4332095816714432,-0.43798237937699036,-0.1940408096593964
0.022521878123375805,1.0,0.3020421156248776,6.72232053974064
-0.8481990910608512,0.9160766962192273,0.037857380369580085,0.6275040926546773
0.19071124852785593,-0.04386933806714777,0.5112628104520531,-0.15755170419992404
1.0,-0.2307662214339199,-0.3435768294499997,4.35083592957917
1.0,-0.29690133294597887,0.6243336046522294,6.491227963610055
0.5906012482877623,-0.2890105523965072,-0.5561418461214882,1.2177430132185534
0.8916144163499888,-0.42391450682802145,0.9949831759958851,2.9320296493022067
1.0,0.09045599651488878,0.226336937936382,5.589990015161466
1.0,0.8617442799035995,-0.21018825653056772,9.86768571519853
-0.3771476355725616,-1.0,-1.0,-13.43590559717211
-1.0,-0.0006285712729352522,-1.0,11.483843328352144
1.0,-1.0,0.5892026225740261,-6.522472384310177
1.0,-0.577528499750434,-0.38797070094427855,4.022685656312839
0.4935668394290986,-1.0,0.9595772380654368,-5.32700486061956
1.0,1.0,-0.5464135852364189,21.64713078314132
-0.637137140820901,0.24632302986508803,-1.0,0.29101145898825975
-0.07894723702289053,0.26901405761349295,1.0,1.5430518594452889
-0.45508730794916463,-0.6019028052066433,-0.906114582349816,-1.805957572704015
-1.0,-1.0,-0.20662092799005882,6.353331341179562
-0.5202245119474076,-0.028820255797092242,0.8629141918544632,0.06999503144375008
0.0356000406171344,0.41707286499160734,0.19211559097935038,-0.012529856791197003
0.34846958383650506,0.5962842675447804,-1.0,-3.326865167425898
-0.20358461370493885,-0.5946020704950232,1.0,-0.6750252860265701
0.33972302492520345,-0.7877092151078067,-0.7434231565919205,-1.4241780349484654
0.06692184867825324,-0.9084477804762892,0.49207846710825387,0.5772860861442146
-0.0014360288515098407,-0.26312440306048135,0.0431617443112442,0.475355174254229
-1.0,1.0,-0.32142327416027117,12.134052845316726
0.6715915893985105,0.7828053706097586,-0.28747571815691697,2.2608341006303045
0.19012745945169174,-1.0,-0.8850615890290727,-12.349092692099383
-0.42348793508249627,-1.0,0.566352661176686,2.387721408601509
-0.6244766167911082,0.6519663396292534,-0.16605894975999003,-1.1604079116723587
0.36497010284155373,-0.014494349885120217,0.28472236683050745,1.1810945274253457
-0.45503736152410434,-0.21242148352843548,-1.0,-2.2242704279695875
1.0,-1.0,0.5743942996295652,-6.218143524445088
-0.24199344717348947,-1.0,0.18864572048596218,3.0107117129333325
0.8862313459944298,-1.0,1.0,-8.509415672996354
0.08746585777255955,-1.0,0.05855651113641436,2.201052259206405
-0.3471546909644214,-0.005024518646488341,-0.6838042599235139,-0.31229480489580685
0.7352486348519811,-0.3370217109794422,0.38965413389696324,2.036279246512108
0.010846890369359707,-0.18905522547682718,-1.0,-4.037414569235492
-0.7793444630904736,0.8241198352293297,0.37845886018672314,-2.2106304732044766
0.034676725507556405,-0.23201214406807424,0.6995957203926573,0.2060862607133528
1.0,-0.14898539103293995,0.2327366837180922,5.105610938478782
0.12698138256069003,0.08894657644680382,0.004666939878867238,0.8727424865186616
-0.8598032796924682,-0.4946847080514494,-0.2094291362204017,1.6329414730225391
-0.46424335989033394,-0.4907126262345112,-1.0,-4.163387722162793
1.0,0.7155697100935745,-0.32464908874447307,6.8114281956705405
0.24208515095953498,0.5678337431760105,1.0,4.734432990594078
0.9531022600104027,0.4679239984509702,-0.7008514405635888,5.086495837020042
-0.1273308805205624,0.7807001420859794,-0.3473665184444954,1.539728738823908
-0.906554865915935,-0.9076419703990835,-0.5265484675038572,4.274912461267933
0.681519982609949,-0.5509461177238424,-1.0,-6.442555301626627
0.10360990931468916,-0.8538638777386491,-0.7246351226937244,-2.1944880945505867
0.8504041004504488,-0.07180556276343286,-1.0,1.1865403583641667
0.04177190503235506,0.3150335669246547,0.4156120700970243,-0.2631298061385801
0.575277666657932,1.0,0.06393121585734418,7.121454499405592
0.12498969367615143,0.24215067337405016,-0.1172393751075902,0.7371061884754401
0.11679869483248329,-0.06342652502543045,1.0,-0.0008203419484750785
1.0,-0.05125462728569685,0.6137774501389317,7.161867044406492
-1.0,-1.0,0.5858483097433367,14.34531772232997
-1.0,-0.519848913467293,-0.15314233698499224,-1.1892440597154479
1.0,0.39503772774075174,1.0,20.230092425630467
0.3647951458329932,0.6137647786835783,0.46457581555936955,1.17839329855074
0.7945336050231229,0.40381429788204937,1.0,8.283904962792729
-0.5332184637918671,0.5032731209303645,0.9930502820081817,4.8133617939228
0.8136143399352758,0.7856207357422187,1.0,14.728130516391172
0.6470918147755336,-0.7185418277931881,-0.19399297506112245,1.059700267361307
-0.787292838015009,0.04203962644430925,1.0,3.026688009805148
-1.0,0.0036884494026816483,0.9547563639950221,2.278621824416745
-0.2769188121945463,-0.6748636789025089,0.6312823242895242,0.7378455771221459
-0.38356895973726024,0.28249634575200644,0.8570532015964207,-0.3528702776190399
1.0,-0.781330311192517,0.4562708638709845,1.2124327591280455
0.32585448502280845,-0.09736871459274932,0.11652960030221116,0.7427455494471928
-0.14204258869460884,-0.8662154182828414,1.0,-2.796417094054288
-0.7184699033552107,-1.0,-1.0,-6.549756011423625
-0.7705622494495201,-0.1529332845358473,-0.591494957363331,1.0109436462372807
-1.0,-1.0,0.1437650051192858,8.087964095093374
0.623460206692771,-0.33153023820404215,-0.993198399414172,-4.339861278210004
-0.805519310996202,0.2981883664334739,0.9937958817555059,4.436257280187873
-0.3773672123389844,1.0,0.17978360487638279,6.631701590228693
0.2092445766581421,1.0,-0.9088996707448451,7.423312978086377
0.10869496759310704,-1.0,-0.10142921940829064,2.150001383089954
-0.5007129489805149,-0.9933758571729221,0.4778021175464984,2.4058778670864895
0.24744821657037597,1.0,1.0,10.318791577989883
0.4432663941600239,-0.3416089756598273,-0.8435590332622045,-1.1430823089692184
-0.5814586075936123,-1.0,-0.012101838740963267,4.839843621143194
0.5573344176424859,0.1509783997597034,1.0,1.3433534597506205
-1.0,0.4409521925767732,-1.0,17.373922023193494
-0.22124681557685677,0.1667949908002786,-0.5534372057347254,0.9816432339137574
-1.0,-0.13777494810850777,-0.3305020834926,-3.0569300061207247
0.46945669686275626,0.3055365421415628,-0.4334642650802176,2.440561172084401
1.0,-0.23692848374988373,-0.6636647828063962,5.609560910463674
1.0,-0.056758900503773635,0.5942753500645308,7.333105933490335
-0.8403696787631145,-0.157930771773799,0.8918573956400928,1.3299747706036624
-0.5846281498495325,0.7847687362617131,-0.1371606120956066,-0.37356844736137923
-0.19211002799485333,-0.7637585388805788,0.017404695736249476,1.9291333598363922
0.2739222447078029,-0.5578435611256287,-1.0,-6.561316641488995
-0.44226811107893726,1.0,0.1967449162435706,5.992411563337379
0.12410593717496599,-0.099315952082349,1.0,-1.0896691745246692
-0.5792728436232506,0.01536292614992174,-0.03218908131764042,-1.4400416002323153
0.29128256460233937,-0.4062573332713646,1.0,-2.8533053456788275
-0.47693641382043284,0.7145598042436581,-0.7351684681729271,-1.4631969304684587
0.28600536953362377,0.9043929288537269,-1.0,0.5009590911013857
0.684074466969113,-0.011620114203535925,0.20812203720876754,2.5826506759715775
1.0,-0.5645735459422441,0.3207789406744157,3.705941004166944
-0.052476409925573675,1.0,-0.35797305322845707,9.218057963671985
0.029957839555348587,-0.2956149418264893,0.4510007860987073,1.159632390029631
-0.811027405471342,-0.3530175674895295,-0.9454760083012286,3.8450855499365693
0.9611463134525997,0.9541518939659206,1.0,23.64676636717773
0.9089072244678176,-0.854672233037264,0.09740965271085655,-0.8612427778972799
1.0,0.37563118744823076,-0.12163700918584386,5.139288632124935
-1.0,-0.2827681484255131,-0.8429644197935864,2.078725087229135
0.4165152901613258,0.4718501797977057,0.7010125224908723,1.6242319914151055
1.0,-0.7192453380088333,0.26129985119355803,1.9022317896909933
-0.8284739269011556,-0.2861811071673024,-0.19045985149282796,0.5117418014972637
0.2436131855520487,-0.5528261251753408,-0.30192465454025497,1.4468584972007736
1.0,-0.400341200223274,-0.20653155031364623,4.093302112281351
-0.3034402562068055,-0.26648449936354535,-0.7421495851080739,0.03399488476238091
0.8140773572919575,-1.0,0.07744443895035036,-3.454218400060417
0.04187465425532233,0.260879773189546,-0.34759898013409285,0.7208675082556796
-0.2651884635575983,0.27522954476424344,1.0,1.925688579077593
0.3002703705720493,0.8124153832895433,0.657127022868305,3.2758007286752373
0.12080355834767431,0.1390856860504175,0.47965101836463786,0.9421779148730063
-1.0,-1.0,1.0,21.93251168073303
-0.9746512121613409,-0.6857583253480457,1.0,10.934912996864101
0.9821395528569139,0.48734676084223305,-0.772918904046531,6.09367085094059
-0.03406929829150096,-0.63927035704721,1.0,-1.3935630489400397
0.7290065201179126,-0.10993850779051084,0.731613637457966,1.9696083958013768
1.0,1.0,-0.1566298605228975,15.641423869234703
-1.0,1.0,0.04846555077853676,7.784598851406624
-0.7136273635891099,0.9969635012365052,-0.32253375023498165,4.846129668024006
0.2224302570613257,-1.0,0.4561116929066591,0.5265006925938404
-0.2142262459060562,0.2740987874883163,-1.0,-3.5771649231165017
-1.0,1.0,-0.6610409503584482,13.261314049602055
1.0,1.0,-0.4177399316590811,18.379383057024505
-0.6970318337715595,-0.4501394289085283,-1.0,0.27231839692915266
-0.45040760659022405,0.7254642679362835,0.4880367271174131,-0.00974997981600094
-0.2064886670049686,0.4422103166096447,0.31456633613069673,-0.417847894074337
0.7207591592764702,-0.23097071723861373,0.2561235116295171,2.829444208150895
-0.009174062798723792,0.30268307041785136,0.3086069549811097,-0.3444429699241949
-0.30154154978790193,-0.22141446809494947,1.0,0.38507809863158665
-0.8903858411178169,-0.5753621101062905,-0.10297469738563847,2.133538646663913
-0.57743739407356,1.0,1.0,15.683490666081838
1.0,1.0,-0.07225862028034458,14.390545154933026
-0.013802531204972546,0.908393428362438,0.08202718393829844,3.772643770760337
1.0,-0.3973768266213975,0.5338367756755205,5.374106819425458
0.5617812722269011,0.14574976312706833,-1.0,-1.4702382063116857
-0.03203901508305429,-0.6946685662490863,1.0,-2.382827063840539
-0.22983010155153472,-1.0,-1.0,-15.391774210050192
0.9095661414057241,1.0,-0.031090537155923803,10.73800183563985
-0.9850844678581163,-1.0,1.0,20.123867546681883
-1.0,-1.0,1.0,21.372509857137352
0.09007514625871971,0.48418314965975395,-0.4496564263618139,-0.10242542852025172
0.8199446414065623,0.3873863747566022,-0.618859483618305,2.21492311858891
0.7801979269884005,-1.0,0.7179912271680153,-2.905467321659752
1.0,-0.41120124844823636,0.9425095519639675,6.2310988092140684
0.5772343577960963,0.7801675677113566,1.0,8.321906054841214
0.642215918879566,-0.34973581805896736,-1.0,-5.4642615553395935
-0.21120357713172044,-0.21465953369650959,1.0,-0.10423943061211302
-0.012655416015795229,1.0,-0.08598426190853159,8.689894375198955
-1.0,0.33625009016617824,-1.0,15.590909182535691
-0.013339690642314661,-0.6227946381341056,-0.1808108750255184,1.7484566862694941
-0.1870718672833822,0.8707555747222264,-0.4215130000945564,1.937880785937859
-0.5236331941599948,0.8822739720944657,1.0,11.768300832824448
1.0,1.0,0.19842615709431866,13.152401051851108
-0.7800403019339759,-0.368486943129791,0.057389697417839614,0.11908756582803035
1.0,0.09045970874481601,-0.22614026544786903,4.085333377710562
-0.9338273407796107,-0.6621967556820467,-0.6905316313157845,2.1849017972777816
-0.1513220790883565,0.36214200022953125,-0.9381272328213988,-1.421956668304636
1.0,0.49209163394466504,0.16835654819860557,7.443632928591784
-1.0,1.0,1.0,17.314743847750613
-0.7568820560829101,-1.0,0.19215007174031373,6.409012808025656
-0.5146800739180277,-0.23246744400115138,0.7417655843823463,-0.8565834827449019
-1.0,1.0,-0.9232837522066102,17.747774305711737
-0.6093205937765158,-0.49707031404781143,0.08831422460237515,0.7202483128690647
-0.8720065836647262,0.3619517632082192,1.0,3.2866689158679914
1.0,-1.0,-0.3273880107663194,-9.913046536791905
-0.7596263767412725,1.0,0.2768184233513151,3.39077690585189
-1.0,-0.0316313913211006,-0.817095792127984,2.519113909869897
0.8357243848069438,0.440585758975214,-0.38392968076464307,2.6016780951125242
-1.0,0.8948154066913456,-0.3786374849008989,7.245198369405108
1.0,0.6998455730945707,-0.729938770101725,9.072376079147869
-0.13312508089799935,0.6354496926067241,-1.0,-3.789555828600669
0.23789049846060517,1.0,0.11355808861016059,7.677691725413524
-0.654378137459998,-0.500074417265183,-0.5369865888892709,0.5770294173220505
0.7379311299503246,-0.40739898082338066,-0.8578854680302253,-0.26045170698086206
-0.24546147813895658,-0.013136008572678826,0.2559757504047093,-0.0597664491268363
-0.1671784843130808,0.24400697690010897,-0.6132360903412606,0.7023316208414664
-0.07424007571397517,-1.0,0.9991874459513554,-6.850817392861979
-0.6407950864365368,-0.5832955677439347,-0.40195334638635316,1.9668064540803325
0.5391001083688607,-1.0,0.0018277928723460235,-0.1296422760033136
-0.7891945025593772,1.0,0.029709402573502075,3.621139932709769
-0.9665356500231168,1.0,-0.3144849942663075,8.953389416759915
-0.5969924767551789,0.37822437190496516,0.4523688499026839,-2.2079013038230295
0.7210222003959315,0.3911507427439085,-0.8347134538133003,0.703345320799478
1.0,0.6903483136876154,0.8202395385281531,16.98777874298803
-1.0,-0.09092542391544023,-0.2931754508595441,-3.656600495463047
-0.2873418975148274,-1.0,0.45056354805682663,1.6385107786224071
-0.7895152018558733,0.05478406505194977,-0.04567017471246504,-1.8485306957190866
-0.4135760867998839,0.9822606361952642,0.26921542042389235,5.311341234695775
-0.5708139302279425,0.14218299688649916,0.1684771933998317,-1.4674581170700063
-0.3879227596399164,-0.3194427271226308,-0.9318579505912874,-1.8259483446178915
-0.5213106583623388,-0.4962630829432477,-0.4492200168853806,1.612650378315445
-1.0,1.0,-1.0,20.560729893779087
-0.11248515147338667,0.14572925922242574,0.10615233866300544,-0.0920124659302421
-0.8421649162728662,-0.14460251460064089,0.32322922667088605,-1.2478922101840673
-0.32061682354179055,1.0,-1.0,2.13375416748683
-0.06764610602186671,1.0,-0.10614367343526565,7.732637724626483
-0.6385302268537472,-0.5571558790851117,0.4466488480845021,1.5785761014505555
1.0,-0.6023028663168764,1.0,3.4219923617040315
-0.11036787216096267,-0.8533321302249961,-0.7083364306125843,-1.2926797220721182
-0.8015900313341553,-0.4599345709992364,-0.2687060941490438,0.298338585752649
0.07804021149814,0.07192341046063722,-0.20191368650422925,0.4767927493170934
-1.0,0.10142620058752705,0.6353420917538393,-3.257830713850216
-0.7534705305634379,1.0,0.8578733679834798,8.576428902845631
0.8766038315637117,-0.8122944471794167,1.0,-3.1706521196996156
